{
  "hash": "87d4e04f",
  "configHash": "370ff754",
  "lockfileHash": "4e51b457",
  "browserHash": "25675780",
  "optimized": {
    "@angular/common": {
      "src": "../../../../../node_modules/@angular/common/fesm2022/common.mjs",
      "file": "@angular_common.js",
      "fileHash": "c76faa61",
      "needsInterop": false
    },
    "@angular/core": {
      "src": "../../../../../node_modules/@angular/core/fesm2022/core.mjs",
      "file": "@angular_core.js",
      "fileHash": "1392896f",
      "needsInterop": false
    },
    "@angular/forms": {
      "src": "../../../../../node_modules/@angular/forms/fesm2022/forms.mjs",
      "file": "@angular_forms.js",
      "fileHash": "efe10144",
      "needsInterop": false
    },
    "@angular/platform-browser": {
      "src": "../../../../../node_modules/@angular/platform-browser/fesm2022/platform-browser.mjs",
      "file": "@angular_platform-browser.js",
      "fileHash": "e66cffda",
      "needsInterop": false
    },
    "@angular/router": {
      "src": "../../../../../node_modules/@angular/router/fesm2022/router.mjs",
      "file": "@angular_router.js",
      "fileHash": "e7b35788",
      "needsInterop": false
    }
  },
  "chunks": {
    "chunk-MAGCIA45": {
      "file": "chunk-MAGCIA45.js"
    },
    "chunk-43FRHVWD": {
      "file": "chunk-43FRHVWD.js"
    },
    "chunk-LVUFFOQ3": {
      "file": "chunk-LVUFFOQ3.js"
    }
  }
}